"rank","business_name","review_count","categories","rating","address","price_range","url","phone"
"1","Jane Hammond Events","91","Caterers,Wedding Planning,Party &amp; Event Planning","5"," ","","https://www.yelp.com/biz/jane-hammond-events-san-francisco?osq=eventplaner","(415) 822-0310"
"2","Event Solutions","53","Party &amp; Event Planning,Wedding Planning","5"," Financial District","","https://www.yelp.com/biz/event-solutions-san-francisco?osq=eventplaner","(415) 816-5555"
"3","Events By Collette","14","Party &amp; Event Planning,Wedding Planning","5"," Diamond Heights","","https://www.yelp.com/biz/events-by-collette-san-francisco?osq=eventplaner","(415) 860-3211"
"4","Flair Event Design &amp; Planning","11","Party &amp; Event Planning","5"," Outer Richmond","","https://www.yelp.com/biz/flair-event-design-and-planning-san-francisco-4?osq=eventplaner",""
"5","Alison Events","21","Party &amp; Event Planning,Travel Services","5","491 Gate Five Rd ","","https://www.yelp.com/biz/alison-events-sausalito-2?osq=eventplaner","(415) 567-7605"
"6","Dreams On A Dime Events &amp; Weddings","188","Party &amp; Event Planning,Wedding Planning","5","West Portal West Portal","","https://www.yelp.com/biz/dreams-on-a-dime-events-and-weddings-san-francisco?osq=eventplaner","(415) 264-2764"
"7","Main St. Floragardens","28","Florists,Wedding Planning","5"," ","$$","https://www.yelp.com/biz/main-st-floragardens-san-anselmo?osq=eventplaner","(415) 485-2996"
"8","Ashley Smith Events","20","Wedding Planning,Party &amp; Event Planning","5"," Mission","","https://www.yelp.com/biz/ashley-smith-events-san-francisco?osq=eventplaner","(415) 246-4729"
"9","Peridot Events","14","Party &amp; Event Planning,Wedding Planning","5"," ","","https://www.yelp.com/biz/peridot-events-fairfax-3?osq=eventplaner","(510) 410-7651"
"10","Shine Event Productions","18","Party &amp; Event Planning,Wedding Planning","5"," Downtown Oakland","","https://www.yelp.com/biz/shine-event-productions-oakland?osq=eventplaner","(510) 798-0519"
"11","Urbanity Events","5","Party &amp; Event Planning","5"," Lower Pacific Heights","","https://www.yelp.com/biz/urbanity-events-san-francisco?osq=eventplaner","(415) 857-2479"
"12","Erica Events","16","Party &amp; Event Planning","5"," Nob Hill","","https://www.yelp.com/biz/erica-events-san-francisco?osq=eventplaner","(415) 683-0447"
"13","ETC. Events","13","Party &amp; Event Planning","5"," SoMa","","https://www.yelp.com/biz/etc-events-san-francisco?osq=eventplaner","(415) 990-5628"
"14","Tickled Events","76","Wedding Planning","5"," Financial District","","https://www.yelp.com/biz/tickled-events-san-francisco-bay-area?osq=eventplaner","(510) 501-8949"
"15","Sydney Camille Events","25","Wedding Planning,Party &amp; Event Planning","5","9 Mariners Cir ","","https://www.yelp.com/biz/sydney-camille-events-san-rafael?osq=eventplaner","(707) 299-9096"
"16","LUX Premier Events &amp; Concierge","39","Party &amp; Event Planning,Wedding Planning","5","189 3rd St ","","https://www.yelp.com/biz/lux-premier-events-and-concierge-oakland?osq=eventplaner","(510) 550-5895"
"17","Boutique Events","24","Party &amp; Event Planning,Wedding Planning","5"," Noe Valley","","https://www.yelp.com/biz/boutique-events-san-francisco?osq=eventplaner","(650) 533-1905"
"18","Parties On Point San Francisco","5","Party &amp; Event Planning","5","1 Blackfield Dr ","","https://www.yelp.com/biz/parties-on-point-san-francisco-tiburon?osq=eventplaner","(510) 912-9333"
"19","Stellify Events","101","Wedding Planning,Party &amp; Event Planning","5"," Civic Center","","https://www.yelp.com/biz/stellify-events-san-francisco?osq=eventplaner",""
"20","Hand and Heart Event Design","8","Party &amp; Event Planning,Wedding Planning","5","1285 45th Ave Outer Sunset","","https://www.yelp.com/biz/hand-and-heart-event-design-san-francisco-2?osq=eventplaner","(858) 722-5852"
"21","Sunshine Events","3","Party &amp; Event Planning","4.5"," The Haight","","https://www.yelp.com/biz/sunshine-events-san-francisco-5?osq=eventplaner","(415) 678-6647"
"22","Lily Spruce","56","Wedding Planning,Party &amp; Event Planning","5","18TH St Mission","","https://www.yelp.com/biz/lily-spruce-san-francisco?osq=eventplaner","(415) 265-6205"
"23","Downey Street Events","45","Party &amp; Event Planning,Wedding Planning","5","3366 Sacramento St Presidio Heights","","https://www.yelp.com/biz/downey-street-events-san-francisco?osq=eventplaner","(415) 505-6745"
"24","Behl Events","13","Wedding Planning,Party &amp; Event Planning","5"," SoMa","","https://www.yelp.com/biz/behl-events-san-francisco?osq=eventplaner","(510) 552-2545"
"25","Ornamento","23","Wedding Planning,Party &amp; Event Planning,Floral Designers","5","950 Mason St Nob Hill","","https://www.yelp.com/biz/ornamento-san-francisco-3?osq=eventplaner","(415) 668-9624"
"26","Let’s Celebrate!","5","Wedding Planning,Party &amp; Event Planning","4.5"," Marina/Cow Hollow","","https://www.yelp.com/biz/lets-celebrate-san-francisco?osq=eventplaner","(415) 867-3923"
"27","Hilary Munday Event Planning","5","Party &amp; Event Planning,Wedding Planning","5"," SoMa","","https://www.yelp.com/biz/hilary-munday-event-planning-san-francisco?osq=eventplaner","(415) 786-2862"
"28","Chelsea Events and Floral Design","42","Wedding Planning,Party &amp; Event Planning,Floral Designers","5","5616 Geary Blvd Outer Richmond","","https://www.yelp.com/biz/chelsea-events-and-floral-design-san-francisco?osq=eventplaner","(415) 310-4430"
"29","Shannon Leahy Events","18","Wedding Planning","5","1862 Union St Marina/Cow Hollow","","https://www.yelp.com/biz/shannon-leahy-events-san-francisco?osq=eventplaner","(415) 644-5922"
"30","Anna Marie Events","4","Party &amp; Event Planning","5","2932 Baker St Marina/Cow Hollow","","https://www.yelp.com/biz/anna-marie-events-san-francisco?osq=eventplaner","(415) 685-4440"
"31","Ruby &amp; Rose","19","Party &amp; Event Planning,Wedding Planning","5"," Mission","","https://www.yelp.com/biz/ruby-and-rose-san-francisco?osq=eventplaner","(508) 740-5047"
"32","Entire Productions","51","Party &amp; Event Planning","5","650 California St Chinatown","","https://www.yelp.com/biz/entire-productions-san-francisco?osq=eventplaner","(415) 291-9191"
"33","Fantasy Events &amp; Wedding Planning","7","Party &amp; Event Planning,Wedding Planning","5"," Inner Richmond","","https://www.yelp.com/biz/fantasy-events-and-wedding-planning-san-francisco?osq=eventplaner",""
"34","Rock N’ Events","4","Wedding Planning,Party &amp; Event Planning","5","25 Taylor St Tenderloin","","https://www.yelp.com/biz/rock-n-events-san-francisco-2?osq=eventplaner","(310) 765-1550"
"35","Blu Bungalow","19","Wedding Planning,Venues &amp; Event Spaces","4.5","2068 Union St Marina/Cow Hollow","","https://www.yelp.com/biz/blu-bungalow-san-francisco?osq=eventplaner","(415) 355-4293"
"36","2 the 9s Events","11","Party &amp; Event Planning,Wedding Planning","5"," SoMa","","https://www.yelp.com/biz/2-the-9s-events-san-francisco?osq=eventplaner","(415) 948-1219"
"37","Rebecca Reategui Weddings &amp; Special Events","6","Party &amp; Event Planning,Wedding Planning","5"," Outer Richmond","","https://www.yelp.com/biz/rebecca-reategui-weddings-and-special-events-san-francisco?osq=eventplaner","(415) 794-5434"
"38","JBD Events","8","Party &amp; Event Planning,Wedding Planning","5"," Nob Hill","","https://www.yelp.com/biz/jbd-events-san-francisco-3?osq=eventplaner","(415) 640-3435"
"39","Cassy Rose Events","6","Wedding Planning","5"," Outer Richmond","","https://www.yelp.com/biz/cassy-rose-events-san-francisco?osq=eventplaner","(415) 793-6490"
"40","Amy Nichols Special Events","10","Party &amp; Event Planning","5"," Marina/Cow Hollow","","https://www.yelp.com/biz/amy-nichols-special-events-san-francisco?osq=eventplaner","(415) 666-2514"
"41","Locally Grown Weddings","6","Party &amp; Event Planning,Wedding Planning","5","301 18th Ave Inner Richmond","","https://www.yelp.com/biz/locally-grown-weddings-san-francisco-2?osq=eventplaner","(415) 264-3810"
"42","Studio DBI","17","Wedding Planning,Party &amp; Event Planning","5"," Financial District","","https://www.yelp.com/biz/studio-dbi-san-francisco-2?osq=eventplaner","(415) 562-6209"
"43","Swank Events and Weddings","14","Wedding Planning,Party &amp; Event Planning","5"," Lower Pacific Heights","","https://www.yelp.com/biz/swank-events-and-weddings-san-francisco?osq=eventplaner","(415) 348-1245"
"44","Kennedy Events","15","Party &amp; Event Planning","5","530 Clipper St Noe Valley","","https://www.yelp.com/biz/kennedy-events-san-francisco-2?osq=eventplaner","(415) 891-8270"
"45","Blue Barley","14","Team Building Activities,Party &amp; Event Planning","5","268 Bush St Financial District","","https://www.yelp.com/biz/blue-barley-san-francisco?osq=eventplaner","(415) 723-2583"
"46","Laura Wright Events","10","Party &amp; Event Planning,Wedding Planning","5"," Marina/Cow Hollow","","https://www.yelp.com/biz/laura-wright-events-san-francisco-4?osq=eventplaner","(415) 686-2186"
"47","Me &amp; You","11","Party &amp; Event Planning,Personal Shopping","5"," Civic Center","$$","https://www.yelp.com/biz/me-and-you-san-francisco?osq=eventplaner","(415) 881-8178"
"48","Atelier Joya","23","Party &amp; Event Planning,Wedding Planning,Party Equipment Rentals","5"," Lower Pacific Heights","","https://www.yelp.com/biz/atelier-joya-san-francisco-4?osq=eventplaner","(415) 854-9462"
"49","Christie Rose Events","5","Wedding Planning","5","3749 Buchanan St Marina/Cow Hollow","","https://www.yelp.com/biz/christie-rose-events-san-francisco-2?osq=eventplaner","(415) 890-3105"
"50","Simone Lennon Events","45","Wedding Planning","5","1110 Harrison St SoMa","","https://www.yelp.com/biz/simone-lennon-events-san-francisco?osq=eventplaner","(408) 315-5649"
"51","Peony Amour","4","Wedding Planning","5"," The Haight","","https://www.yelp.com/biz/peony-amour-san-francisco-2?osq=eventplaner","(415) 484-9913"
"52","Verducci Event Productions","209","DJs,Wedding Planning,Audio/Visual Equipment Rental","5","2824 8th St West Berkeley","","https://www.yelp.com/biz/verducci-event-productions-berkeley?osq=eventplaner","(415) 545-8635"
"53","Events of Distinction","3","Party &amp; Event Planning,Wedding Planning","5","41 Heather Ave Laurel Heights","","https://www.yelp.com/biz/events-of-distinction-san-francisco?osq=eventplaner","(415) 751-0211"
"54","The Parisian Planner","5","Party &amp; Event Planning,Wedding Planning","5"," Downtown Berkeley","","https://www.yelp.com/biz/the-parisian-planner-berkeley?osq=eventplaner","(510) 612-7009"
"55","Lally Events","10","Wedding Planning","5"," Civic Center","","https://www.yelp.com/biz/lally-events-san-francisco?osq=eventplaner","(505) 670-9810"
"56","Events by Monaique","5","Party &amp; Event Planning","5"," Financial District","","https://www.yelp.com/biz/events-by-monaique-san-francisco?osq=eventplaner","(415) 940-0650"
"57","Glow Events","23","Party &amp; Event Planning,Wedding Planning","5","3547 Sacramento St Presidio Heights","","https://www.yelp.com/biz/glow-events-san-francisco?osq=eventplaner","(415) 722-3611"
"58","In the Moment Events","10","Wedding Planning,Party &amp; Event Planning","5"," Lower Pacific Heights","","https://www.yelp.com/biz/in-the-moment-events-san-francisco?osq=eventplaner","(415) 480-4863"
"59","Mindy Rosenberg Design","22","Floral Designers","5"," Marina/Cow Hollow","","https://www.yelp.com/biz/mindy-rosenberg-design-san-francisco?osq=eventplaner","(847) 826-2184"
"60","Miracle Chuppah","22","Wedding Planning,Party &amp; Event Planning,Party Supplies","5","639 23rd Ave Outer Richmond","","https://www.yelp.com/biz/miracle-chuppah-san-francisco-2?osq=eventplaner","(415) 517-9000"
"61","Fork &amp; Spoon Productions","47","Caterers,Wedding Planning,Party &amp; Event Planning","5","2565 3rd St Dogpatch","","https://www.yelp.com/biz/fork-and-spoon-productions-san-francisco-3?osq=eventplaner","(415) 552-7130"
"62","Harper Grey Events","1","Party &amp; Event Planning","5","2511 Santa Clara Ave ","","https://www.yelp.com/biz/harper-grey-events-alameda?osq=eventplaner","(510) 219-6028"
"63","Marilyn McCann Events","5","Party &amp; Event Planning,Wedding Planning","5"," ","","https://www.yelp.com/biz/marilyn-mccann-events-mill-valley?osq=eventplaner","(415) 722-6641"
"64","Hilary Marie Events + Design","7","Wedding Planning,Party &amp; Event Planning","5","1448 Pine St Nob Hill","","https://www.yelp.com/biz/hilary-marie-events-design-san-francisco?osq=eventplaner","(480) 238-3083"
"65","Maple Lawn","21","Venues &amp; Event Spaces","4.5","1312 Mission Ave ","","https://www.yelp.com/biz/maple-lawn-san-rafael?osq=eventplaner","(415) 295-5296"
"66","The Adventure School","6","Party &amp; Event Planning","5"," The Haight","","https://www.yelp.com/biz/the-adventure-school-san-francisco?osq=eventplaner","(415) 972-9135"
"67","Marbles Found","8","Wedding Planning,Party &amp; Event Planning","5","34 Page St Hayes Valley","","https://www.yelp.com/biz/marbles-found-san-francisco?osq=eventplaner","(949) 439-3678"
"68","Kaella Lynn Events","24","Party &amp; Event Planning","5"," Lower Pacific Heights","","https://www.yelp.com/biz/kaella-lynn-events-san-francisco?osq=eventplaner","(310) 595-4643"
"69","Vermilion Weddings and Events","17","Party &amp; Event Planning,Wedding Planning","4.5"," Financial District","","https://www.yelp.com/biz/vermilion-weddings-and-events-san-francisco-2?osq=eventplaner","(510) 364-1714"
"70","The Wedding Resource","7","Wedding Planning","5","2812 Clay St Pacific Heights","","https://www.yelp.com/biz/the-wedding-resource-san-francisco?osq=eventplaner","(415) 928-8621"
"71","Ribbon &amp; Tie","10","Party &amp; Event Planning","4.5","272 1/2 Jersey St Noe Valley","","https://www.yelp.com/biz/ribbon-and-tie-san-francisco?osq=eventplaner","(415) 370-4771"
"72","JSY PR","6","Marketing,Public Relations,Party &amp; Event Planning","5","582 Market St Financial District","","https://www.yelp.com/biz/jsy-pr-san-francisco?osq=eventplaner","(415) 548-1738"
"73","Natalie Choi Events","10","Wedding Planning,Party &amp; Event Planning","5"," Financial District","","https://www.yelp.com/biz/natalie-choi-events-san-francisco?osq=eventplaner","(650) 549-4012"
"74","Kuleana Design","3","Wedding Planning,Party &amp; Event Planning","5","907 S Van Ness Ave Mission","","https://www.yelp.com/biz/kuleana-design-san-francisco-3?osq=eventplaner","(415) 282-3211"
"75","Creative Collaborations","2","Party &amp; Event Planning,Marketing","5"," Civic Center","","https://www.yelp.com/biz/creative-collaborations-san-francisco?osq=eventplaner","(510) 935-8389"
"76","Make it Mariko","19","Party &amp; Event Planning,Wedding Planning","5"," Civic Center","","https://www.yelp.com/biz/make-it-mariko-san-francisco?osq=eventplaner","(415) 489-0143"
"77","Alicia K Designs","36","Wedding Planning,Floral Designers","4.5"," Potrero Hill","","https://www.yelp.com/biz/alicia-k-designs-san-francisco-2?osq=eventplaner","(415) 590-2828"
"78","Boheme Tipi Events","24","Party &amp; Event Planning,Wedding Planning,Floral Designers","5"," Civic Center","","https://www.yelp.com/biz/boheme-tipi-events-san-francisco?osq=eventplaner","(415) 261-8086"
"79","Glowingly Events","10","Party &amp; Event Planning,Wedding Planning","5"," Outer Mission","","https://www.yelp.com/biz/glowingly-events-san-francisco?osq=eventplaner","(310) 938-4523"
"80","ABCey Events","9","Party &amp; Event Planning","5","901 Mission St SoMa","","https://www.yelp.com/biz/abcey-events-san-francisco?osq=eventplaner","(877) 435-4036"
"81","Riley Loves Lulu","15","Wedding Planning","5"," Inner Richmond","","https://www.yelp.com/biz/riley-loves-lulu-san-francisco-2?osq=eventplaner","(415) 755-0712"
"82","Jubilee Lau Events","12","Party &amp; Event Planning,Wedding Planning","4.5","332 8th Ave Inner Richmond","","https://www.yelp.com/biz/jubilee-lau-events-san-francisco-2?osq=eventplaner","(650) 455-1733"
"83","Organized Chaos Events","9","Party &amp; Event Planning,Wedding Planning","5","25 Josiah Ave Ingleside","","https://www.yelp.com/biz/organized-chaos-events-san-francisco?osq=eventplaner","(415) 203-2138"
"84","Amy Kaneko Events","4","Party &amp; Event Planning","5"," The Haight","","https://www.yelp.com/biz/amy-kaneko-events-san-francisco?osq=eventplaner","(650) 561-4430"
"85","Elegant Events Enterprise","40","Party &amp; Event Planning,Party Supplies,Party Equipment Rentals","5","616 Marin St ","","https://www.yelp.com/biz/elegant-events-enterprise-vallejo?osq=eventplaner","(707) 655-1292"
"86","A Monique Affair","12","Wedding Planning","5","1624 Franklin St Uptown","","https://www.yelp.com/biz/a-monique-affair-oakland?osq=eventplaner","(510) 334-3752"
"87","Tickled Pink Events","5","Party &amp; Event Planning,Wedding Planning","5"," Diamond Heights","","https://www.yelp.com/biz/tickled-pink-events-san-francisco?osq=eventplaner","(415) 722-4611"
"88","Voulez Events","10","Party &amp; Event Planning,Wedding Planning","5"," ","","https://www.yelp.com/biz/voulez-events-san-francisco?osq=eventplaner","(415) 868-5396"
"89","Shin Dig","26","Party &amp; Event Planning,Venues &amp; Event Spaces,Music Venues","4.5","403 Irving St Inner Sunset","$$","https://www.yelp.com/biz/shin-dig-san-francisco-2?osq=eventplaner","(415) 967-7495"
"90","Despina Craig Events","5","Wedding Planning,Party &amp; Event Planning","5"," Inner Richmond","","https://www.yelp.com/biz/despina-craig-events-san-francisco?osq=eventplaner","(415) 302-2054"
"91","MSH Events","14","Wedding Planning,Party &amp; Event Planning","5"," SoMa","","https://www.yelp.com/biz/msh-events-san-francisco?osq=eventplaner","(650) 400-8081"
"92","Tosca Productions","34","Party &amp; Event Planning,Wedding Planning","5"," Marina/Cow Hollow","","https://www.yelp.com/biz/tosca-productions-san-francisco?osq=eventplaner","(650) 992-1211"
"93","Hitch Perfect","16","Wedding Planning","5","500 Taraval St Parkside","","https://www.yelp.com/biz/hitch-perfect-san-francisco?osq=eventplaner","(415) 528-1035"
"94","Forsyth Designs","9","Party &amp; Event Planning,Floral Designers","5"," Civic Center","","https://www.yelp.com/biz/forsyth-designs-san-francisco?osq=eventplaner","(415) 218-3998"
"95","Sillapere","4","Party &amp; Event Planning","5","1661 Tennessee St Potrero Hill","","https://www.yelp.com/biz/sillapere-san-francisco?osq=eventplaner",""
"96","B.E.W. Productions &amp; Event Services","5","Party &amp; Event Planning,Music Production Services","5"," Lower Pacific Heights","","https://www.yelp.com/biz/b-e-w-productions-and-event-services-san-francisco?osq=eventplaner","(415) 447-7600"
"97","The Event Plan","11","Party &amp; Event Planning,Wedding Planning","5"," Lower Pacific Heights","","https://www.yelp.com/biz/the-event-plan-san-francisco?osq=eventplaner","(415) 218-0462"
"98","Limelight Productions","10","Wedding Planning,Party &amp; Event Planning","5"," ","","https://www.yelp.com/biz/limelight-productions-mill-valley?osq=eventplaner","(415) 686-7452"
"99","Rare Sparrow Floral Design","25","Party &amp; Event Planning,Florists,Floral Designers","5"," Outer Richmond","$$$","https://www.yelp.com/biz/rare-sparrow-floral-design-san-francisco?osq=eventplaner","(415) 663-6797"
"100","Anais Event Planning &amp; Design","23","Party &amp; Event Planning,Wedding Planning","4"," The Haight","","https://www.yelp.com/biz/anais-event-planning-and-design-san-francisco-2?osq=eventplaner","(415) 275-4776"
